Priority Rank,ADP Opportunity Score,Track,Firm Name,Legal Name,Owner Name,Phone,Email,Website,Address,ZIP,Founded,Employee Signal,Services,Payroll Confirmed,Client Base,Software Detected,Yelp Active,Social Media,Non-ADP Signals,Best Opening Line,Best Contact Method,Risk Flags,Source Confidence
1,★★★★★,Track 1 - Grid/Buyout,Tax Target Group LLC,Tax Target Group LLC,Roman Furman CPA MBA,(718) 615-0500,Via taxtargetgroup.com,taxtargetgroup.com,"1047 Brighton Beach Ave, Brooklyn NY 11235",11235,Est. 2005-2015,5-15,Tax prep / bookkeeping / payroll / accounting,YES - explicit dedicated payroll page,"1100+ business clients; healthcare, real estate, construction; Russian-speaking Brighton Beach community",Independent — no ADP/Paychex detected,YES,Instabooks advisor directory; minimal social,1100+ business clients on record; Brighton Beach community niche; no ADP partner language anywhere,"Roman — with 1100+ business clients across healthcare and real estate Tax Target Group is exactly the kind of firm ADP's Grid program was built for. I'd love to walk you through what a buyout of your payroll book could look like — the numbers at your scale are significant.",Phone (718) 615-0500,"High-value target; CPA+MBA sophistication; may have been approached before; Brighton Beach word-of-mouth culture means relationships matter — warm intro ideal",HIGH — Yelp + YellowPages + BBB confirmed
2,★★★★★,Track 1 - Grid/Buyout,Citi Payroll Services,Citi Payroll Services USA LLC,Shaul Reich (CEO),(718) 887-9940,info@citipayroll.com,citipayroll.com,"100A Broadway Apt 501, Brooklyn NY 11249 (Williamsburg)",11249,2017,5-15,Full-service payroll / HR / benefits setup (core business is payroll),YES - this IS a payroll bureau,"Tri-state area companies; thousands of employees; Orthodox Jewish business community in Williamsburg",Proprietary/independent processing — no ADP/Paychex,YES,Low digital footprint — word-of-mouth community operation,Independent payroll bureau explicitly; described as building own 'payroll empire'; no ADP partner language,"Shaul — Citi Payroll is clearly doing something right serving the Williamsburg business community. ADP has a buyout and partnership program specifically designed for independent payroll bureaus of your size — it could significantly increase your per-client value while taking the backend compliance burden off your team.",Email info@citipayroll.com; phone (718) 887-9940,"May view ADP as competitor; founder-identity tied to brand; protective of client book — lead with buyout premium not referral language",HIGH — Boro Park 24 article + LinkedIn + Yahoo Local + RocketReach confirmed
3,★★★★★,Track 1 - Grid/Buyout,APO Bookkeeping & Consulting Services,APO Bookkeeping & Consulting Services,Eugénie Marie Nugent,(718) 257-4535,emn@apobookkeeping.com,apobookkeeping.com,"329 Broadway, Brooklyn NY 11211 (Williamsburg)",11211,2008,1-3,On-site & off-site bookkeeping / payroll processing (weekly/bi-weekly/monthly) / W-2s & 1099s / payroll tax prep / QuickBooks consulting,YES - explicit dedicated payroll services page,"NYC metro small businesses, retail, services; community-oriented Williamsburg",QuickBooks (prominently featured) — no ADP/Paychex,YES - active May 2026,Facebook: APOBookkeeping; LinkedIn company page; FlowFi community listing,15+ years independent payroll processing; QuickBooks-centric; listed on FlowFi independent bookkeeper network — no ADP language,"Eugénie — APO has been handling in-house payroll for Brooklyn clients for over 15 years using QuickBooks. I'd love to show you how ADP's payroll platform could reduce your processing time and generate a revenue stream on the work you're already doing.",Email emn@apobookkeeping.com,"Long-tenured sole practitioner; strong QuickBooks loyalty; may be resistant to switching — lead with time savings not just revenue",HIGH — YellowPages + Facebook + FlowFi + Yelp confirmed
4,★★★★☆,Track 1 - Grid/Buyout,Jean-Jacques CPA PLLC,Jean-Jacques CPA PLLC,Evens Jean-Jacques CPA,(347) 836-9642,info@jeanjacquescpa.com,jeanjacquescpa.com,"134 Broadway Floor 4 Office 1, Brooklyn NY 11249 (South Williamsburg)",11249,Est. 2015-2018,2-5,Bookkeeping / payroll / tax prep / tax planning / sales tax / outsourced accounting,YES - dedicated payroll services page,"Tri-state small businesses; Haitian-American community in Flatbush/Crown Heights (owner name signal)",QuickBooks likely — no ADP/Paychex detected,YES,Limited social; CountingWorks + Thumbtack profile,CPA practice with explicit payroll offering; no ADP affiliation; community-focused practice; independent,"Evens — Jean-Jacques CPA clearly has deep trust with Brooklyn's small business community. I'd love to share how ADP's platform could handle your payroll processing backend while you stay the face of the relationship — and generate recurring income for the firm.",Email info@jeanjacquescpa.com,"CPA designation means sophisticated buyer; may have already evaluated ADP; Haitian-American community focus means warm intro through that network would be stronger than cold call",HIGH — jeanjacquescpa.com + CountingWorks + Thumbtack confirmed
5,★★★★☆,Track 1 - Grid/Buyout,McLan Accounting Services LLC,McLan Accounting Services LLC,Not confirmed publicly,(718) 871-8250,info@mclancpa.com,mclantax.com / mclancpa.com,"4121 18th Ave, Brooklyn NY 11218 (Boro Park / Midwood)",11218,1986,5-15,Income tax / bookkeeping / payroll / audit representation / estate & trust,YES - dedicated payroll page,"Boro Park / Orthodox Jewish community; individuals and businesses; 38+ year client base",No ADP/Paychex mentioned,YES,Minimal social,38+ years in operation = significant payroll book value; no ADP partner language found; community-serving niche,"McLan has been the backbone of Boro Park's business accounting for nearly 40 years — I'd love to explore whether ADP's buyout program could monetize your payroll book while keeping your client relationships completely intact.",Email info@mclancpa.com,"Very established — may have attempted ADP partnership previously; strong workflow loyalty; Boro Park community means referral from a mutual contact would be more effective than cold call",HIGH — Yelp + ZoomInfo + YellowPages confirmed
6,★★★★☆,Track 1 - Grid/Buyout,Q&A Tax Solutions Inc,Q&A Tax Solutions Inc,Edlin Leger (principal),(718) 782-8802,Via qataxsolutions.com,qataxsolutions.com,"885 Grand Street, Brooklyn NY 11211 (Williamsburg)",11211,Est. 2010,2-5,"Full-service payroll processing (pay calculations, direct deposit, tax withholdings, quarterly/annual filings) / bookkeeping / tax prep / audit support",YES - explicit: pay calculations / direct deposit / tax withholdings / quarterly filings,"Bilingual (English/Spanish); Hispanic small business owners in Williamsburg/Brooklyn",Independent processing — no ADP/Paychex detected,YES - 15 reviews June 2025,Limited digital presence — community word-of-mouth,Bilingual community-serving; family-owned; no ADP affiliation; low digital profile = likely not in CRM,"Your bilingual payroll service is exactly what Brooklyn's Hispanic small businesses need — ADP has a Spanish-language platform and I'd love to show you how we could support your clients even better together. Happy to come by Grand Street.",Phone (718) 782-8802 or walk-in at 885 Grand St,"Family-owned loyalty; may not see value in referral arrangement; walk-in likely more effective than cold call for this type of firm",HIGH — Yelp + Yahoo Local + DotTax confirmed
7,★★★★☆,Track 1 - Grid/Buyout,BAT Financial Group,BAT Financial Group,Mazen Almawaldi,(917) 818-6906,Via batfinancialgroup.com,batfinancialgroup.com,"9018 4th Ave, Brooklyn NY 11209 (Bay Ridge / Fort Hamilton)",11209,Est. 2022-2023,2-5,Accounting / bookkeeping / payroll / tax prep / IRS representation / accounting systems consulting,YES - explicit service page,"NYC metro small businesses; possible Arab-American community given owner name; Bay Ridge",No ADP/Paychex detected — Clutch.co profile,YES - active December 2025,Minimal social,New firm (~2022) = almost certainly not in legacy CRM; no ADP partner language; newer practice,"Mazen — BAT Financial has built a solid reputation in Bay Ridge in just a few years. ADP has a program for growing independent firms where you can offer payroll under your own brand while we handle the backend compliance — worth a 20-minute conversation.",Phone (917) 818-6906,"Very new firm; client book may be small now but growing; Bay Ridge Arab-American community = niche referral opportunity for ADP",HIGH — batfinancialgroup.com + Yelp + Clutch confirmed
8,★★★☆☆,Track 1 - Grid/Buyout,Book Tech LLC,Book Tech LLC,Not confirmed publicly,(929) 244-8255,support@booktechusa.com,booktechusa.com,"300 Cadman Plaza West One Pierrepont Plaza 12th Floor, Brooklyn NY 11201 (Downtown Brooklyn)",11201,2019-2021,5-15,Monthly bookkeeping / payroll / catch-up cleanup / tax-ready books / industry-specific,YES - dedicated payroll services Brooklyn page,"Small businesses nationally; retail, construction, service sector",Technology-driven platform — no ADP/Paychex branding; cloud-first,Minimal,OpenPR press release (expansion announcement); Chamber of Commerce listed,Independently built tech stack; recently announced national expansion; no ADP partner language; shared-office registered address,"Book Tech has clearly built something scalable. Your payroll processing setup is exactly what ADP's Grid program was designed to complement — I'd love to explore how a partnership could accelerate your national expansion.",Email support@booktechusa.com,"Shared office address suggests virtual firm; true Brooklyn presence uncertain; may be building own payroll tech — verify before heavy investment",MEDIUM — BBB + booktechusa.com confirmed; ownership unverified
9,★★★★★,Track 2 - Revenue Share,Moxie Bookkeeping and Coaching Inc,Moxie Bookkeeping and Coaching Inc,Ean Price Murphy,(347) 414-8286,info@moxiebookkeeping.com,moxiebookkeeping.com,"147 Prince Street, Brooklyn NY 11201 (Downtown Brooklyn / Boerum Hill)",11201,2003,2-5,Bookkeeping / payroll / coaching / creative industry specialists,YES - listed in NAICS Accounting/Tax/Payroll,"Creative professionals, small businesses, non-profits, e-commerce, trucking",Independent — no ADP affiliation; boutique creative-sector focus,Minimal,Low-key social; podcast guest appearances (Ean Price Murphy); BBB listed,Creative niche boutique; coaching-forward brand; no ADP logo; independent operation for 20+ years,"Ean — Moxie's creative-first brand is exactly the niche where ADP's referral program adds value without changing your model. Your clients get payroll handled, you get a revenue share, and you stay focused on what you do best.",Phone (347) 414-8286 or email info@moxiebookkeeping.com,"May use Gusto (popular with creative/nonprofit sector); anti-corporate brand positioning means pitch must be partner-forward not ADP-brand-forward",HIGH — BBB + Kompass + D&B + bio confirmed
10,★★★★☆,Track 2 - Revenue Share,Nasir Faizi CPA PLLC,Nasir Faizi CPA PLLC,Nasir Faizi CPA,(718) 421-3999,Via nasirfaizicpa.com/contact.php,nasirfaizicpa.com,"941 Coney Island Ave Suite 5, Brooklyn NY 11230 (Flatbush / Midwood)",11230,Est. 2004,2-5,Accounting / tax prep / bookkeeping / payroll / auditing / IRS representation,YES - explicit,"Russian, Hindi, English-speaking clients; South Asian and Eastern European immigrant communities in Flatbush",No ADP/Paychex detected — multilingual independent practice,YES,Facebook: NASIRFAIZICPAPLLCBrooklyn (active); Yelp; Sulekha,Multilingual niche practice (Russian + Hindi); no ADP affiliation; community-focused; Sulekha listing = South Asian small business network,"Nasir — your ability to serve clients in Russian and Hindi is a real differentiator in Flatbush. ADP has a multilingual referral support team and I'd love to explore a partnership where you refer payroll clients and earn ongoing revenue.",Phone (718) 421-3999,"CPA may feel payroll is already in-house; 20-year habits are hard to change — lead with multilingual ADP support as differentiator",HIGH — Yelp + Sulekha + Forglobal confirmed
11,★★★★☆,Track 2 - Revenue Share,Tax Management Inc,Tax Management Inc,Irene Kostetsky EA CES,(718) 375-8888,Via iktax1040.com,iktax1040.com,"2484 W 1st St Fl 1, Brooklyn NY 11223 (Sheepshead Bay / Brighton Beach)",11223,Est. 1985-1990,1-3,Bookkeeping / payroll / sales tax / audits / workers comp insurance,YES - explicit,"Russian-speaking immigrant community, Brighton Beach / Sheepshead Bay",No ADP/Paychex — independent,YES,Minimal — community word-of-mouth,No ADP language; Russian-language community niche; 35+ year independent practitioner; iktax1040.com domain = established brand not tied to ADP,"Irene — serving Brooklyn's Russian-speaking business community for nearly 40 years is remarkable. ADP has resources specifically for practitioners like you who want to add a payroll referral revenue stream without taking on more admin work.",Phone (718) 375-8888,"Older sole practitioner; set in established workflow; may not be tech-forward — keep pitch simple and relationship-first",HIGH — Yahoo Local + iktax1040.com + Yelp confirmed
12,★★★★☆,Track 2 - Revenue Share,Small Business Accounting Services,Small Business Accounting Services,Nassir A. Hajjawi EA,(718) 494-1101,Via nyctaxpayrollservices.com,nyctaxpayrollservices.com,"6934 5th Ave, Brooklyn NY 11209 (Bay Ridge)",11209,Not confirmed,1-3,Tax return prep / payroll services / bookkeeping,YES - website name is 'NYC Tax Payroll Services',"Bay Ridge / Arab-American / immigrant community; Enrolled Agent practice",Independent EA practice — no ADP mentioned,YES - active May 2026,Nextdoor presence; Birdeye (12 reviews),No ADP affiliation; small EA practice; community-serving; Nextdoor presence = hyper-local reputation,"Nassir — your practice clearly serves Bay Ridge's small business community well. ADP's referral partner program is zero-cost to join and could add a new revenue line for every payroll client you send our way.",Phone (718) 494-1101,"Dual owner listing (Nassir Hajjawi + Mohammad Alsamhouri) may indicate transition or partnership — confirm who to speak to",HIGH — Yelp + Birdeye + nyctaxpayrollservices.com confirmed
13,★★★★☆,Track 2 - Revenue Share,SA Tax & Business Solutions,SA Tax & Business Solutions,Akhtari Jahan,(718) 748-0489,Not publicly found,Not found,"73 Mackay Pl, Brooklyn NY 11209 (Bay Ridge)",11209,Not confirmed,1-3,Bookkeeping / payroll / individual & business taxes / QuickBooks support / POS support / business startup,YES - explicit,"Bay Ridge small businesses; may serve South Asian / Muslim community given owner name",QuickBooks (explicitly mentioned) — no ADP,YES,No significant social presence,QuickBooks-centric; no ADP/Paychex affiliation; no website = very likely not in any digital CRM,"Akhtari — SA Tax is clearly a go-to for Bay Ridge small businesses. ADP has a referral program that lets bookkeeping firms like yours earn revenue every time a client moves to our platform with zero extra admin on your end.",Phone (718) 748-0489 or walk-in at 73 Mackay Pl,"No website makes pre-call research difficult; small client book possible; walk-in may be most effective approach",HIGH — Yahoo Local + DotTax + PTIN directory confirmed
14,★★★★☆,Track 2 - Revenue Share,Balanced Taxes,Balanced Account & Tax Services Ltd,Yitzchok Stern EA,(917) 627-0356,Via balancedtaxes.com,balancedtaxes.com,"1221 McDonald Ave, Brooklyn NY 11230 (Boro Park / Kensington)",11230,Incorporated 2013; in practice since 1989,1-3,Brooklyn bookkeeping / tax prep / payroll services,YES - explicitly listed,"Orthodox Jewish community in Boro Park / Kensington; 35+ years community trust",No ADP/Paychex detected — independent EA,Minimal,Limited social — community reputation dominant,No ADP language; community EA practice; Orthodox Jewish clients = tight word-of-mouth network not typical in ADP rep prospecting,"Yitzchok — your 35+ years of trust in the Boro Park community is exactly the kind of relationship ADP values in a referral partner. I'd love to show you how we make the referral process completely hands-off for your practice.",Phone (917) 627-0356,"Long-established; may have strong existing vendor preferences; Boro Park Orthodox community means warm intro through community is far more effective than cold call",HIGH — balancedtaxes.com + PTIN records confirmed
15,★★★☆☆,Track 2 - Revenue Share,mTax Global Accounting,Mtax Global Inc,Marina Shevchenko,(718) 332-5440,Via mtaxglobal.com,mtaxglobal.com,"3133 Coney Island Ave, Brooklyn NY 11235 (Brighton Beach / Sheepshead Bay)",11235,Not confirmed; longstanding practice,1-3,Tax preparation / tax planning / bookkeeping / estate & trust taxes / notary / apostille,Implied — bookkeeping-forward; payroll not explicitly confirmed,"Russian-speaking immigrant community, Brighton Beach",No ADP/Paychex — independent,YES - active September 2025,TalkNewYorkCity listing; minimal social,"Community-specific Russian practice; no ADP language; notary/apostille focus = community-embedded services not typical ADP partner profile","Marina — your firm is a trusted resource for Brighton Beach's business community. ADP has a referral program that requires no extra work on your end and adds recurring income each time a client needs payroll handled.",Phone (718) 332-5440,"Tax-first not payroll-first — verify she actually refers payroll clients before investing too much; payroll referral volume may be low",HIGH — Yahoo Local + TalkNYC + TaxBuzz confirmed
16,★★★☆☆,Track 2 - Revenue Share,Chilenga Bookkeeping LLC,Chilenga Bookkeeping LLC,Salomao Chilenga,Not publicly listed,Via chilengabookkeeping.com,chilengabookkeeping.com,"Brooklyn NY (virtual-first; no physical address published)",11201-11249,Est. 2018-2020,1-3,Monthly bookkeeping / reconciliations / payroll / sales tax filing / system integrations,YES - explicit,"Virtual small business clients across Brooklyn, Long Island, NYC",QuickBooks Online / cloud integrations — no ADP/Paychex,Minimal,Instagram: @bklyn_bookkeeper (moderate activity),Virtual-first; cloud-native QBO setup; no ADP mentions; new practice = almost certainly not in legacy CRM,"Salomao — your virtual-first model is exactly the kind of practice ADP's referral program was built for. You keep your clients, we handle payroll compliance, and you earn a share of every client you refer.",Via website contact form or Instagram DM @bklyn_bookkeeper,"No phone number found; may already use Gusto or another competitor for payroll — confirm before pitching; no physical address makes in-person impossible",MEDIUM — chilengabookkeeping.com confirmed; address and phone unverified
17,★★★☆☆,Track 2 - Revenue Share,New Era Tax Service,MJRock LLC dba New Era Tax Service,Matthew Jamel (CEO),Not confirmed (fax: 718-732-2988),Via newerataxservice.com,newerataxservice.com,"426 New Lots Avenue, Brooklyn NY 11207 (East New York)",11207,Incorporated 2010; restarted 2023,1-5,Tax prep / bookkeeping / payroll / financial planning,YES - listed on services page,"East New York / Brownsville; underserved Black community",No ADP/Paychex — new practice likely QuickBooks or Wave,Not confirmed,Instagram: @newerataxbk (active),Very new LLC (2023 restart); East New York = low-prospecting area for ADP reps; BBB accredited Jan 2026; no ADP language anywhere,"Matthew — New Era Tax is clearly building something real in East New York. ADP's referral partner program is a zero-cost way to add revenue as you grow your client base and we can support you with compliance resources too.",Instagram: @newerataxbk or website contact form,"Very new; client book may be small; East New York may have lower payroll volume; no confirmed phone number — Instagram may be only reliable contact",MEDIUM — BBB + newerataxservice.com confirmed
18,★★☆☆☆,Track 2→1 (Verify First),Bookkeeping USA,Not confirmed,Not confirmed,(718) 921-1197,Via bookkeepingusa.com,bookkeepingusa.com,"5814 7th Ave, Brooklyn NY 11220 (Sunset Park)",11220,Not confirmed,1-5,Bookkeeping services (payroll implied but not confirmed),Implied — Sunset Park small business hub; verify before pitching,"Sunset Park — heavily Chinese and Hispanic small business community",No ADP/Paychex detected,YES - active July 2025,None found,Sunset Park location; near-zero web presence = almost certainly not in CRM; community-embedded operation,"You're serving some of the most active small businesses in Sunset Park — I'd love to stop by and show you how ADP can handle payroll for your clients while you stay focused on the books.",Phone (718) 921-1197 or walk-in at 5814 7th Ave (Sunset Park),"Owner identity unknown; payroll services not confirmed — CALL FIRST to qualify before investing time; Sunset Park Chinese business community may prefer in-person relationship building",MEDIUM — Yelp confirmed; ownership and services unverified
