Master Rank,Tier,Score,Firm Name,Owner,Phone,Email,Website,Address,ZIP,Founded,Headcount,Payroll Confirmed,Software,Gusto Partner,Track,Opening Line,Best Contact,Risk Flags,Confidence,Source File,Score Notes
1,TIER 1 - ACT NOW,94,Noble Hearts HR Consulting Inc.,Matinah Drew (Founder/CEO),(866) 498-3803,via nobleheartshr.com/contact,nobleheartshr.com,"8 Lakeside Rd, Brewster NY (serves NYC metro incl Brooklyn/Queens)",10509,2019,~10-25,"YES - site lists PEO and EOR services that manage payroll, benefits, onboarding, taxes",PEO/EOR (vendor unnamed),No,Track 2 - Revenue Share,"Matinah, Noble Hearts' PEO/EOR offering managing payroll and taxes for NYC clients is exactly the profile our ADP partner program rewards - worth a quick chat?",Phone (866) 498-3803,Outside Brooklyn (Brewster) but serves NYC metro; M/WBE-certified - nonprofit/SMB niche,HIGH,Agent: HR/PEO consultants,Non-CPA HR/PEO firm actively managing payroll | top revenue-share fit
2,TIER 1 - ACT NOW,92,CJC Human Resource Services,Christine Gibbs (Owner),(212) 584-4770,via website contact,cjchrservices.com,"406 W 45th St, Manhattan NY",10036,2007,~5-15,YES - explicitly offers fully managed payroll within HR outsourcing for tri-state small businesses,Unknown,No,Track 2 - Revenue Share,"Christine, saw CJC runs fully managed HR including payroll for tri-state small businesses - curious which payroll platform you put clients on today.",Phone (212) 584-4770,Manhattan not Brooklyn; verify current payroll vendor before pitch,MED,Agent: HR/PEO consultants,Delivers managed payroll directly - natural ADP reseller
3,TIER 1 - ACT NOW,91,Graphite Financial,Paul Bianco (CEO/Founder),via graphitefinancial.com,via graphitefinancial.com,graphitefinancial.com,"228 Park Ave S #85447, New York NY",10003,2016,~50-100,YES - runs payroll as part of full back-office for venture-backed startups,Likely Gusto/Rippling,Possibly,Track 2 - Revenue Share,"Paul, Graphite manages payroll for a whole portfolio of NYC startups - there's a meaningful ADP partner revenue opportunity I'd like to put in front of you.",via graphitefinancial.com,High-volume startup back-office; may be Gusto/Rippling embedded,HIGH,Agent: Biz-mgmt/CFO,Manages payroll across portfolio of VC-backed startups
4,TIER 1 - ACT NOW,90,Schulman Insurance Brokerage,Jonathan Schulman (Founder); Jamie Schulman (President),(516) 632-5225,info@schulmaninsurance.com,schulmaninsurance.com,"825 E Gate Blvd, Ste 305, Garden City NY",11530,2007,~10-25,YES - explicitly partners with many PEOs; advises on group health + PEO benefits admin,Multiple PEOs,No,Track 2 - Revenue Share,"Jamie, since Schulman already places clients with PEOs, I'd love to show how ADP's partner revenue-share compares for your group-benefits book.",info@schulmaninsurance.com,Long Island not Brooklyn; already PEO-savvy - strong TotalSource angle,HIGH,Agent: Benefits brokers,PEO-savvy benefits firm - natural TotalSource/payroll referral
5,TIER 1 - ACT NOW,89,Comprehensive Hospitality Solutions LLC (Books4Hospitality),Douglas Carpenter,(718) 412-2570,dcarpenter@solutionsbychs.com,books4hospitality.com,"555 Broadhollow Rd, Ste 274, Melville NY (serves Brooklyn/Queens/Manhattan)",11747,Unknown,Small (boutique),YES - manages payroll + tax for NY hotels and restaurants,Unknown,No,Track 2 - Revenue Share,"Doug, since you're already simplifying payroll for NY hospitality clients, partnering on ADP could take the compliance load off your team while adding a revenue stream.",Phone (718) 412-2570,Hospitality niche = high hourly volume; 718 number,HIGH,Agent: Niche verticals,Manages payroll for Brooklyn hotels/restaurants - hourly volume
6,TIER 1 - ACT NOW,88,DNS Insurance Brokers,Not confirmed,(347) 410-8145 / cell (917) 751-3126,via dnsinsurancebroker.com,dnsinsurancebroker.com,"3909 13th Ave, 2nd Fl, Ste 201, Brooklyn NY",11218,Unknown,~1-5,"YES (influence) - advises small employers on group health, compares carriers, runs enrollment",30+ NY carrier plans,No,Track 2 - Revenue Share,I work with ADP on revenue-share for Brooklyn benefits shops like DNS and thought your group-health clients might value bundled payroll/HR - worth a quick chat?,Phone (347) 410-8145,True Brooklyn-local benefits shop; owner not public,HIGH,Agent: Benefits brokers,Brooklyn group-health broker - refers payroll/HR at onboarding
7,TIER 1 - ACT NOW,87,AMP Insurance Brokerage LLC,Louis J. Peters,(212) 518-6317,via ampbrokers.com / louisjpeters.com,ampbrokers.com,"7709 5th Ave, Brooklyn NY (Bay Ridge)",11209,1985,~1-5,"YES (influence) - consults employers on group medical, dental, life, disability",Group/individual carriers,No,Track 2 - Revenue Share,"Louis, I partner with ADP on a revenue-share program for Brooklyn benefits brokers and AMP's group-employer base looks like a natural fit - open to a quick call?",Phone (212) 518-6317,40-yr Bay Ridge firm; small but established employer book,HIGH,Agent: Benefits brokers,Established Brooklyn benefits broker - payroll cross-sell
8,TIER 1 - ACT NOW,86,Protax Center,Yevgeniya Rachamim (Owner); Arquimido Carrasquel (President),(718) 645-0500,info@protaxcenter.com,protaxcenter.com,"1679 East 19th St, Ste 2A, Brooklyn NY",11229,Unknown,Small,"YES - dedicated Brooklyn payroll services page; payroll calcs, W-2s, tax filings, plus CFO services",Unknown,No,Track 2 - Revenue Share,"Yevgeniya, Protax already runs payroll and CFO services for Brooklyn small businesses - partnering on ADP could turn that into ongoing rev-share.",Phone (718) 645-0500,Brooklyn-local; bundles payroll + outsourced CFO,HIGH,Agent: Biz-mgmt/CFO,Brooklyn firm running payroll + CFO for startups/SMBs
9,TIER 1 - ACT NOW,85,LIFE143,Tamir Shabat (Co-Founder),(718) 878-6484,via life143.com,life143.com,"61 Broadway, Ste 2770, New York NY",10006,~2015,~5-15,YES (influence) - Brooklyn-rooted broker specializing in small-business/group medical,NY group medical carriers,No,Track 2 - Revenue Share,"Tamir, ADP runs a partner revenue-share for brokers like LIFE143 - your small-business group clients often need payroll/HR too, happy to share how it works.",Phone (718) 878-6484,718 number = Brooklyn roots; growing small-biz health broker,HIGH,Agent: Benefits brokers,Small-biz group-health broker serving Brooklyn employers
10,TIER 2 - STRONG,84,Bookkeeping Chef (Restaurant Payroll),"Scott M. Aber, CPA",(845) 215-5969,info@bookkeepingchef.com,bookkeepingchef.com,"228 East 45th St, 10th Fl, Manhattan NY (serves Brooklyn)",10017,2016,~10-20,YES - markets Outsourced Payroll Services for NY Restaurants; integrates POS+payroll,Unknown,No,Track 2 - Revenue Share,"Scott, your POS-to-payroll integration for multi-unit restaurant groups is exactly what ADP's tip-credit and spread-of-hours automation was built to scale.",Phone (845) 215-5969,Manhattan office; restaurant-group payroll concentration,HIGH,Agent: Niche verticals,Outsourced payroll for multi-location NYC restaurant groups
11,TIER 2 - STRONG,83,Founder's HR Lab,"Danielle Laurent (CEO/Founder, SPHR)",Not found,via foundershrlab.com,foundershrlab.com,Woodbridge VA (serves NYC-area tech startups remotely),22191,Unknown,Small,YES - services include full payroll and HR compliance for Series A/B startups,Unknown,No,Track 2 - Revenue Share,"Danielle, since Founder's HR Lab runs full payroll/compliance for Series A/B startups, you're effectively choosing their payroll stack - worth 15 min on ADP's share program?",via foundershrlab.com,Remote/out-of-state HQ; owns payroll vendor selection for VC-backed startups,MED,Agent: HR/PEO consultants,Fractional CHRO choosing payroll stack for growth startups
12,TIER 2 - STRONG,80,Kona HR,Not found,Not found,via konahr.com,konahr.com,New York NY,Unknown,Unknown,Unknown,"MED - markets manage payroll, benefits, compliance as core NYC outsourced-HR service",Own tech + partners,No,Track 2 - Revenue Share,"Your enterprise-precision, boutique-agility line for NYC payroll/HR caught my eye - wanted to see how Kona sources the payroll piece for clients.",via konahr.com,Owner/contact not public - call to verify decision-maker,MED,Agent: HR/PEO consultants,Outsourced-HR pitch centers on payroll+benefits
13,TIER 2 - STRONG,78,Grayson HR,Charnay (principal per testimonials),(310) 770-3969,Info@graysonhr.com,graysonhr.com,New York NY,Unknown,Unknown,Small,MED - fractional HR for startups citing payroll and compliance management,Unknown,No,Track 2 - Revenue Share,Saw Grayson HR runs fractional HR including payroll/compliance for NYC startups - which payroll system do you typically stand clients up on?,Info@graysonhr.com,310 area code suggests LA roots; confirm NYC presence,MED,Agent: HR/PEO consultants,Fractional HR handling payroll for NYC startups
14,TIER 2 - STRONG,77,NorthstarPMO Inc.,David Bradshaw (CEO/Founder),Not found,via northstarpmo.com,northstarpmo.com,Boston MA HQ (active NY fractional-HR practice),02210,Unknown,Mid-size,MED-HIGH - services page lists payroll/benefits within fractional HR for NY SMBs,Unknown,No,Track 2 - Revenue Share,"David, NorthstarPMO's NY fractional-HR team handling payroll/benefits for SMBs is a strong match for ADP's partner share - open to comparing notes?",via northstarpmo.com,Boston HQ; NY practice is the relevant unit,MED,Agent: HR/PEO consultants,Runs NY fractional-HR line managing payroll/benefits
15,TIER 2 - STRONG,76,My Construction Payroll Inc.,Parashos Kalaitzis (President),1-800-466-0506,info@myconstructionpayroll.com,myconstructionpayroll.com,"55 Northern Blvd, Ste 206, Great Neck NY",11021,NY filing 2025,Small-mid,YES - construction-specific PEO doing certified/union/prevailing-wage payroll,Own/PEO platform,No,Track 1 - Grid/Buyout,"Parashos, with NY's Jan 2026 electronic certified-payroll mandate driving contractors to specialists like you, there's a strong case to align your platform with ADP.",Phone 1-800-466-0506,Construction-PEO; runs own platform - compete/buyout angle; Long Island,MED,Agent: Niche verticals,Construction PEO - certified/union payroll niche
16,TIER 2 - STRONG,74,Paradigm Consulting,Kira La Forgia (Founder),Not found,via the-paradigm.com / @theparadigmm,the-paradigm.com,Remote (founder San Diego; serves all 50 states incl NYC),n/a,Unknown,~3-8,MED - dedicated Gusto page + affiliate; advises small biz on payroll setup,Gusto (recommends/affiliate),Yes - Gusto affiliate,Track 2 - Revenue Share,"Kira, noticed Paradigm already steers small-biz clients to a payroll platform via Gusto - wanted to show what an ADP partner share looks like by comparison.",the-paradigm.com/gusto,Already monetizes Gusto referral - displacement pitch; remote,MED,Agent: HR/PEO consultants,Existing payroll referral mindset - already earns on Gusto
17,TIER 2 - STRONG,72,HR One (peopletopayroll.com),Robert J. Banuski (Founder); Paul/Jason Banuski,(315) 463-0004,via peopletopayroll.com,peopletopayroll.com,"220 West Manlius St, East Syracuse NY (NY statewide)",13057,1986,~63,"YES - full-service payroll + HR consulting firm, 1,000+ orgs served",Own payroll service,No,Track 1 - Grid/Buyout,"Your team has run payroll for 1,000+ NY organizations since '86 - wanted to open a conversation about ADP's revenue-share / partner program.",Phone (315) 463-0004,Syracuse-based / out of NYC region; runs own payroll engine (compete-or-buyout angle),HIGH,Agent: HR/PEO consultants,Established payroll firm at scale - Track 1 buyout candidate
18,TIER 2 - STRONG,72,CFO Hub (CRI CFO Hub) - New York,Local NY managing director (not named),via cfohub.com/locations/new-york,via cfohub.com,cfohub.com/locations/new-york,New York NY (serves Brooklyn DTC brands),10001,Unknown,Mid-large (national),"YES - provides payroll administration, benefits mgmt, HR compliance for scaling NYC teams",Unknown,No,Track 2 - Revenue Share,I saw CFO Hub administers payroll for Brooklyn DTC brands and media studios - I'd like to show your NY team the ADP partner revenue model.,cfohub.com/locations/new-york,National firm; NY office is the unit - decision may be centralized,MED,Agent: Biz-mgmt/CFO,Outsourced finance firm administering payroll for NYC/Brooklyn clients
19,TIER 3 - DEVELOP,68,"First Fidelity Brokerage, Inc.",Not confirmed (PCF Insurance member),(212) 933-9050,via ffbinsurance.com,ffbinsurance.com,"28 Village Rd N, 3R, Brooklyn NY",11223,1994,~10-25 (local office),YES (influence) - employee benefits + workers' comp for small-biz/nonprofit employers,PCF carrier network,No,Track 2 - Revenue Share,"I partner with ADP on revenue-share for Brooklyn agencies - First Fidelity's commercial and benefits clients often need payroll/HR, happy to explain the program.",Phone (212) 933-9050,Brooklyn commercial+benefits agency; part of national PCF,MED,Agent: Benefits brokers,Brooklyn agency with employer relationships for payroll referral
20,TIER 3 - DEVELOP,66,Professional Group Plans (PGP Benefits),Not confirmed,(631) 951-9200,via pgpbenefits.com,pgpbenefits.com,"225 Wireless Blvd, Ste 200, Hauppauge NY (Manhattan office too)",11788,1993,~100,YES (channel) - tri-state General Agency supporting 600k+ covered lives via broker network,Major group carriers,No,Track 2 - Revenue Share,"ADP's partner revenue-share could plug into PGP's broker network - your downstream employer groups frequently need payroll/HR, worth a conversation?",Phone (631) 951-9200,Large GA upstream of thousands of employer groups - high leverage but indirect,MED,Agent: Benefits brokers,GA touching tens of thousands of employer groups - channel play
21,TIER 3 - DEVELOP,64,The Hell Yeah Group / Hell Yeah Bookkeeping,Paco de Leon (Founder),via thehellyeahgroup.com,hello@thehellyeahgroup.com,thehellyeahgroup.com,Remote (founder NY/LA; serves NYC creatives),n/a,~2014,Small,YES - business management for creative entrepreneurs; uses Gusto + Xero,"Gusto, Xero",Yes - Gusto,Track 2 - Revenue Share,"Paco, since Hell Yeah already runs creative clients' payroll through Gusto, I'd love to show how an ADP partnership could pay you better for the same work.",hello@thehellyeahgroup.com,Remote; brand-driven; Gusto-embedded displacement pitch,MED,Agent: Biz-mgmt/CFO,Business mgmt for creatives - runs payroll via Gusto
22,TIER 3 - DEVELOP,63,RiseBoro Community Partnership,Scott Short (CEO of RiseBoro),via riseboro.org,via riseboro.org,riseboro.org,"Bushwick, Brooklyn NY",11237,1973,"60+ maintenance staff, 12 property mgrs","YES (direct employer) - 1,800+ units, live-in supers and 60+ maintenance staff on payroll",Unknown,No,Track 2 - Revenue Share,"Your team of 60+ maintenance staff and live-in supers across 1,800 units is a serious payroll operation - worth a conversation on ADP's nonprofit/affordable-housing pricing.",via riseboro.org,Direct-employer (not a referrer); large nonprofit - longer sales cycle,MED,Agent: Niche verticals,Affordable-housing nonprofit - 60+ in-house payroll
23,TIER 3 - DEVELOP,62,New York Foundation for the Arts (NYFA),Michael Royce (assoc.),(212) 366-6900,fiscalsponsorship@nyfa.org,nyfa.org,"20 Jay St, Ste 740, Brooklyn NY",11201,1971,Mid (org),YES - fiscal sponsorship offers payroll services + vendor payments for arts projects,Unknown,No,Track 2 - Revenue Share,Your Brooklyn fiscal-sponsorship program already handles payroll for sponsored artists and orgs - ADP can give you compliant multi-entity payroll as that roster scales.,fiscalsponsorship@nyfa.org,Brooklyn-based fiscal sponsor; multi-entity payroll aggregator,MED,Agent: Niche verticals,Fiscal sponsor processing payroll for many sponsored arts orgs
24,TIER 3 - DEVELOP,61,Fund for the City of New York (FCNY),Mary McCormick (assoc.),(212) 925-6675,info@fcny.org,fcny.org,"121 Sixth Avenue, New York NY",10013,1968,Large (org),YES - Partner Project Program provides payroll processing + HR for sponsored projects,Unknown,No,Track 2 - Revenue Share,FCNY's Partner Project Program already centralizes payroll for your sponsored projects - ADP can scale that multi-entity processing as your portfolio grows.,Phone (212) 925-6675,Large established fiscal sponsor; likely incumbent vendor - long cycle,MED,Agent: Niche verticals,Fiscal sponsor running payroll for dozens of nonprofit projects
25,TIER 3 - DEVELOP,60,TAG Fractional & Consulting,Not found,Not found,via tagfractionalconsulting.com,tagfractionalconsulting.com,New York NY,Unknown,Unknown,Small,LOW-MED - fractional HR + finance/ops for NYC; payroll touch via HR/finance scope,Unknown,No,Track 2 - Revenue Share,Your fractional HR-plus-finance model for NYC businesses means you're often the one choosing payroll - wanted to share how ADP's partner program rewards that.,tagfractionalconsulting.com,Thin public data; verify scale and payroll role,LOW,Agent: HR/PEO consultants,Fractional HR+finance - sits on payroll decisions
26,TIER 3 - DEVELOP,60,Industry Property Management,Gelena (owner),(917) 482-8332,info@ipm.nyc,industrypropertymanagement.com,Brooklyn NY,n/a,Unknown,Small (owner + crew),"MED - runs in-house super/porter/handyman crew, implying building-staff payroll",Unknown,No,Track 2 - Revenue Share,"Gelena, since Industry handles supers and porters in-house across your Brooklyn buildings, ADP can streamline that building-staff payroll and union/benefit tracking for you.",Phone (917) 482-8332,Brooklyn-local; building-staff payroll; small scale,MED,Agent: Niche verticals,Property mgmt running in-house building-staff payroll
27,TIER 3 - DEVELOP,58,HR Inspired Business Solutions Inc,Melinda George Bristol (Founder/President),Not found,via melindagbristol.com,melindagbristol.com,Brooklyn NY,11201,2018,1-3 (solo/micro),LOW-MED - HR consulting for small biz; payroll touch implied not confirmed,Unknown,No,Track 2 - Revenue Share,Saw HR Inspired is helping Brooklyn small-business owners build HR best practices - wanted to ask how you currently handle the payroll piece for clients.,melindagbristol.com,Brooklyn-local but micro/solo; payroll influence unconfirmed,LOW,Agent: HR/PEO consultants,Brooklyn solo HR advisor - likely guides payroll vendor choice
28,TIER 3 - DEVELOP,56,PeopleOps.how,Not found,Not found,via peopleops.how,peopleops.how,New York / multi-region,Unknown,Unknown,Small,LOW-MED - fractional HR for SMBs across regions; payroll influence implied,Unknown,No,Track 2 - Revenue Share,Saw PeopleOps.how delivers fractional HR to SMBs across the US - curious how you handle payroll vendor selection for clients today.,peopleops.how,"Multi-region, thin local presence",LOW,Agent: HR/PEO consultants,Fractional HR shop - recurring payroll-vendor influence
29,TIER 3 - DEVELOP,55,Good Steward Financial Company,Jasmine Simpson (CEO/Founder),via goodstewardfinancialco.com,via site,goodstewardfinancialco.com,HQ Burlington NC; dedicated Brooklyn small-biz/nonprofit service page,n/a,Unknown,Small-mid,YES - explicit payroll processing (weekly/biweekly/semi-monthly) for Brooklyn nonprofits/SMBs; fractional CFO,Unknown,No,Track 2 - Revenue Share,"Jasmine, Good Steward already processes payroll for Brooklyn nonprofits - an ADP partnership could reward that recurring work with rev-share.",goodstewardfinancialco.com,Out-of-state HQ; nonprofit niche; Brooklyn page only,LOW,Agent: Biz-mgmt/CFO,Processes payroll for Brooklyn nonprofits + fractional CFO
30,TIER 4 - LONG SHOT,52,"AGA Daycare Consulting Services, Inc.",Sawudat Abraham (Founder/CEO),via site,via agadaycareconsultingservices.com,agadaycareconsultingservices.com,New Rochelle NY (serves NYC + NJ),10801,~2011,Small,MED - consults daycares on business setup; payroll part of center back-office,Unknown,No,Track 2 - Revenue Share,"Sawudat, every new center you help launch needs payroll set up - partnering with ADP gives your daycare clients a turnkey solution and you a revenue share.",agadaycareconsultingservices.com,Referral funnel of new employers; not running payroll itself,LOW,Agent: Niche verticals,Daycare startup consultant - funnel of new employers needing payroll
31,TIER 4 - LONG SHOT,50,MMRI (Medical Management Resources),Not found,via mmri-ny.com,via mmri-ny.com,mmri-ny.com,New York NY,n/a,Unknown,Small,MED - explicitly sets up payroll + comp/benefits for medical practices,Unknown,No,Track 2 - Revenue Share,"Since MMRI literally sets up payroll for the practices you onboard, ADP would be a natural recommended partner - with a revenue share to you on each placement.",mmri-ny.com,Practice-mgmt consultant; onboarding funnel; thin contact data,LOW,Agent: Niche verticals,Sets up payroll for new physician practices
32,TIER 4 - LONG SHOT,46,Medical Data Consultants Inc.,Not found,via medicaldataconsultants.com,via site,medicaldataconsultants.com,Brooklyn NY (and Bethel CT),n/a,Unknown,Small,LOW - medical billing/RCM firm; payroll not confirmed but adjacent,Unknown,No,Track 2 - Revenue Share,You're already deep in Brooklyn practices' back offices on billing - adding ADP payroll referrals is an easy adjacent revenue line.,medicaldataconsultants.com,Payroll unconfirmed; billing/RCM adjacency only,LOW,Agent: Niche verticals,Brooklyn medical billing firm - payroll referral adjacency
