Rank,ADP Opportunity Score,Firm Name,Legal Name,Category,Owner Name,Phone,Email,Website,Address,ZIP,Founded,Employees,Revenue Estimate,Client Base,Payroll Confirmed,Payroll Description,Payroll Software Detected,Tech Stack,QB ProAdvisor,Gusto Partner,Xero Partner,Cloud Forward,Google Rating,Google Review Count,Yelp Active,Facebook Followers,LinkedIn Followers,Instagram Followers,Social Activity,Priority Tier,Recommended Track,Best Opening Line,Best Contact Method,Risk Flags,Source
1,★★★★★,BIT Accounting / Black Ink Tax,Fusion Ave Inc. dba Black Ink Tax and Accounting Services,Accounting / CPA,Rehan Q. Usmani EA MBA,1-877-220-5556 / (347) 506-1304,info@bitaccounting.com,bitaccounting.com,"1501 Avenue J, Brooklyn NY 11230 / 1839 Flatbush Ave Brooklyn NY",11230,2000,3-8,Not available,"Businesses and individuals in Brooklyn/NYC; startups; broad small business",YES - full-service,"""All-in-one payroll processing service""; full-service payroll ensuring tax compliance; timely management in compliance with tax regulations",QuickBooks Online (explicit; setup + training offered),QuickBooks Online primary; startup advisory; IRS audit support,Likely,Not confirmed,Not confirmed,Moderate — cutting-edge tech mentioned,4.8,58+,YES (Flatbush Ave - March 2026 + Ave J),812 likes,61,Not accounting firm (tattoo parlor confusion — do not use @blackinkbrooklyn),Low — Facebook moderate; LinkedIn dormant,A,Track 1 - Grid/Buyout,"Rehan — with 25 years of running full-service payroll for Brooklyn businesses you've clearly built a trusted operation. I'd love to explore how ADP's accountant platform could take the compliance burden off your team while generating a revenue share on the payroll you're already processing.",Walk-in at 1501 Ave J or 1839 Flatbush Ave; phone both numbers,Enrolled Agent not CPA — may have different mindset; confirm payroll client volume before Grid pricing; @blackinkbrooklyn Instagram is a tattoo parlor — do NOT confuse,Deep Research Agent 1
2,★★★★★,Smart Tax,Smart Tax Franchise Group,Accounting / Tax / Multi-location Franchise,Nick Rizzi (President/CEO),800-991-0908 / 718-222-0006 / 718-360-4624,info@smarttax.com,smarttax.com,"445A Columbia St Brooklyn NY 11231 / 426 New Lots Ave Brooklyn NY 11207 / 928 Myrtle Ave Brooklyn NY",11231,2005,10-25 across locations,Not available,"Broad Brooklyn community; individuals and small businesses; Red Hook, East New York, East Harlem; franchise locations in NJ/SC/LI/Staten Island",YES - full-service,Full payroll services listed as core service on dedicated payroll page,QuickBooks Online AND Xero (both explicit),QuickBooks Online + Xero; Smart Tax 360 bundled service; client portal,Likely,Not confirmed,Possible — uses Xero actively,Modern — Smart Tax 360 bundled model,4.8,38,YES - multiple Brooklyn locations,4100,LinkedIn exists; Nick Rizzi personal profile,Not confirmed,Moderately active — Facebook strong,A,Track 1 - Grid/Buyout,"Nick — with Smart Tax's multi-location payroll services across Brooklyn from Red Hook to East New York ADP's Accountant Connect platform is built exactly for firms running payroll at that kind of scale across multiple client accounts. Let me show you how we can reduce your compliance risk and add a revenue stream.",Phone 718-222-0006 or walk-in at 445A Columbia St Red Hook,"Franchise structure — Nick may not control all tech decisions if franchise mandates tools; confirm payroll is done at location level not franchise level; possible rebrand to 'New Era Tax Service' at some locations — investigate before calling",Deep Research Agent 1
3,★★★★☆,Brooklyn CPA,Cody Ravalli CPA P.C.,Accounting / CPA,Cody Ravalli CPA,646-706-1652,support@brooklyncpa.com,brooklyncpa.com,"8215 5th Avenue, Brooklyn NY 11209",11209,Not confirmed,2-5,Not available,"Businesses and individuals in Brooklyn; also serves Manhattan and Queens",YES - full-service,"""Comprehensive payroll management services with expertise in QuickBooks""; accurate calculations in all aspects of payroll processing",QuickBooks (explicit — dedicated QB payroll page),QuickBooks primary; multi-borough CPA services; QuickBooks setup and training,Not confirmed but likely,Not confirmed,No evidence,Moderate,5.0,36+,YES,3 (very low — Facebook largely dormant),Not confirmed,Not confirmed,Dormant/minimal,A,Track 1 - Grid/Buyout,"Cody — I noticed Brooklyn CPA actively processes payroll for clients using QuickBooks. I'd love to show you how ADP's Accountant Connect platform can give you enterprise-grade payroll infrastructure for your client base while generating a revenue stream for the firm.",Phone 646-706-1652 or walk-in at 8215 5th Ave Bay Ridge,"Very small social footprint; may be solo or very small operation; confirm payroll client volume before Grid discussion",Deep Research Agent 1
4,★★★★☆,ClearPath CFO Advisory,ClearPath CFO Advisory LLC,Accounting / CFO Advisory / Bookkeeping,Lawson James (Managing Partner/Founder),718-210-3604,lawson.james@clearpath-cfo.com,clearpath-cfo.com,"41 Flatbush Avenue, Brooklyn NY 11217",11217,2025 (incorporated Jan 22 2025),2-5,Not available,"Small to medium businesses across Brooklyn, Queens, Bronx, Manhattan, Westchester, Northern NJ",YES - full-service,"""QuickBooks Payroll employee onboarding tools and tax remittance solutions""; day-to-day payroll processing and financial reporting",QuickBooks Payroll (explicit),QuickBooks primary (22+ years experience explicitly stated); financial reporting,Very likely — 22+ years QB experience stated,Not confirmed,No evidence,Yes — modern language; remote-capable,Positive (quote found),,YES - Flatbush Ave Aug 2025; also Dallas/Atlanta/Walnut Creek CA,Not found,117,Not confirmed,Moderate — active enough to generate press coverage,A,Track 1 - Grid/Buyout,"Lawson — as a firm that's built its entire practice on 22+ years of QuickBooks expertise and is now processing payroll for clients across Brooklyn and beyond I'd love to show you how migrating to ADP's accountant platform could give you better compliance coverage while creating a revenue stream — and we can make the transition seamless.",Email lawson.james@clearpath-cfo.com or phone 718-210-3604,"Very new firm (Jan 2025) — small client base means lower payroll volume for Grid; however multi-city Yelp listings suggest aggressive expansion; may be a better call in 6-12 months",Deep Research Agent 1
5,★★★☆☆,Ahad & Co CPA,Ahad&Co CPA (PLLC/LLC),Accounting / CPA / Multi-borough,Ahad Ali CPA,646-762-9141,contact@ahadandco.com,ahadandco.com,"2153 Westchester Ave Suite 200 Bronx NY 10462 / 118-21 Queens Blvd Suite 606 Forest Hills NY 11375 / Brooklyn service area (no dedicated office)",10462,Not confirmed,20+,$7M estimated (2025),"Small businesses across all NYC boroughs + Westchester; 31 cities served; social-media driven client acquisition",YES - full-service,"""Expert tax payroll and consulting services""; payroll services bookkeeping financial planning",QuickBooks (explicit; setup and training),QuickBooks primary; insurance management; corporation/LLC formation; workers comp; year-round advisory; Tabby AI Bookkeeper (co-founder connection),Not confirmed but likely,Not confirmed,No evidence,Yes — strong digital presence; AI-forward (Tabby AI Bookkeeper involvement),Positive (referenced),Not confirmed,YES - Bronx (May 2026) + Queens,14594 likes,LinkedIn active — Ahad Ali personal very active,7887,Very active — 100K TikTok; strongest social presence of all 9 firms,A,Track 2 - Revenue Share,"Ahad — with 100K TikTok followers and a team of 20+ professionals serving small businesses across all five boroughs Ahad&Co is exactly the kind of growing firm ADP's Revenue Share program was designed for. Let me show you how we can turn payroll into a revenue center while your clients get enterprise-grade compliance.",LinkedIn DM to Ahad Ali (@ahadalicpa) or email or phone,"Primary offices Bronx and Queens — Brooklyn is virtual/service-area only; $7M revenue and 20+ staff suggest possible existing institutional payroll relationships; verify Brooklyn payroll volume",Deep Research Agent 1
6,★★★☆☆,A. Parness Company CPA,A. Parness Company CPA,Accounting / CPA / Advisory,Andrea Parness CPA CTC,(718) 318-2677,office@aparnesscpa.com,aparnesscpa.com,"171 Beach 131st Street, Belle Harbor NY 11694",11694,1985,1-5,$5M estimated,"Medical practices, law firms, small business, individuals; high-value professional clients",YES - partial,"Payroll tax preparation and outside comptrollership; primarily advisory/compliance rather than full-service processing",QuickBooks (primary); Intuit ProConnect Tax,QuickBooks Online; Hubdoc; Intuit ProConnect Tax; cloud conversion services; bundled services,Confirmed (Intuit ProConnect Tax Customer Council member),Not confirmed,No evidence,YES — explicitly 'tech forward'; Hubdoc Top 50 Cloud Accountants 2017,Positive,,YES - Belle Harbor,130 likes,67 followers; Andrea Parness personal profile active,80 followers / 18 posts,Moderate — more LinkedIn/industry than social,B,Track 2 - Revenue Share,"Andrea — as someone who's been on the Intuit ProConnect Council and named a Top 50 Cloud Accountant you already know the value of best-in-class tools. I'd love to explore how ADP's accountant partner program can give your medical practice and law firm clients the enterprise payroll compliance they need while adding a revenue stream to your firm.",Email office@aparnesscpa.com or phone 718-318-2677,"Located in Belle Harbor Queens — outside Brooklyn territory; deep Intuit loyalty may create friction; small team limits payroll volume; payroll is tax prep only not full processing",Deep Research Agent 1
7,★★☆☆☆,BusinessHQ,BusinessHQ Accounting LLC,Accounting / Cloud / Startup-focused,Alex Pernier (founder/CEO) + Rachel Pullar (founder),Not confirmed publicly,hello@businesshq.us,businesshq.us,"1000 Brickell Ave Ste 715 Miami FL 33131 (registered) / Serves NYC virtually",33131,2018,2-10,Not available,"Small businesses entrepreneurs tech startups creative agencies; explicitly targets NYC businesses",YES - full-service,"""Secure automated payroll solutions""; HR administration including benefit management onboarding and compliance",Not specified (cloud-based language suggests Gusto or similar),Cloud-native; outsourced back-office; CFO Advisory; business formation,Not confirmed,Not confirmed,Not confirmed,YES — 100% cloud identity,Not confirmed,,YES - Miami Beach,Not confirmed,Not confirmed,Not confirmed — multiple 'BusinessHQ' accounts online; unclear which is theirs,Low/unclear,B,Track 2 - Revenue Share,"Rachel/Alex — BusinessHQ's positioning as NYC's go-to cloud accounting firm for startups aligns perfectly with ADP's growth-stage payroll products. I'd love to explore how our Revenue Share program can monetize the payroll you're already running for clients.",Email hello@businesshq.us,"Miami-registered firm with no confirmed NYC physical presence; limited public profile makes verification difficult; small operation may have low payroll client volume; contact via email only",Deep Research Agent 1
8,★★☆☆☆,Brooklyn Fi,Brooklyn FI LLC,Financial Planning / Wealth Management / Accounting,AJ (Ally Jane) Ayers CFP EA + Shane Mason CPA/PFS CFP,(718) 690-3600,hi@brooklynfi.com,brooklynfi.com,"33 Nassau Avenue, Brooklyn NY 11222",11222,2017,17 (12 licensed advisors),$2M-$5M estimated (Inc. 5000 #3855 2025 with 97% 3-yr growth),"High-income tech professionals founders creatives equity compensation holders; requires $200K+ net income; 500+ households nationwide; avg balance ~$1.5M",YES - ancillary,"Personalized payroll services and talent consulting — bundled within outsourced accounting; advisory/consulting with outsourced execution; not core service",Not explicitly named; Xero accounting platform; likely Gusto as Xero's US payroll integration,Xero (primary); TaxDome client management; investment management; fractional CFO,No evidence,Not confirmed (probable via Xero integration),YES — Xero-centric,YES — fully remote; very modern fintech language; Inc. 5000,Not confirmed,,YES,Not confirmed,858,1217 followers / 1230 posts — active,Very active — podcast blog regular content,B,Track 2 - Revenue Share,"Congratulations on the Inc. 5000 recognition — as you scale to serve more of your 500+ client households ADP's Revenue Share Program can turn the payroll you're already coordinating for business-owner clients into a meaningful revenue stream for Brooklyn Fi with enterprise-grade compliance baked in.",Email hi@brooklynfi.com then LinkedIn DM to Shane Mason (CPA/tax lead),"Primarily a WEALTH MANAGEMENT firm — payroll is ancillary not core; sophisticated founders need data-driven pitch; may already have institutional payroll relationships for $227M AUM client base; Gusto/Xero ecosystem integration may already be preferred",Deep Research Agent 1
9,★☆☆☆☆,SDO CPA,SDO CPA LLC,Accounting / CPA / Virtual,Serena Do CPA (Managing Partner; Big Four background),Not confirmed publicly,Via cal.com/sdocpa booking,sdocpa.com,"214 S Main St Suite 101-C Duncanville TX 75116 (registered; fully remote/virtual)",75116,2022,2-5,Not available,"S-Corps partnerships C-Corps; NYC businesses (tech media financial services); $500K+ revenue clients; Dallas metro; 50 states",YES - advisory/setup only,"Advisory model — SDO helps clients SELECT and SET UP Gusto; advises on tax-structure decisions; does NOT run payroll directly; full advisory and compliance support",GUSTO (confirmed explicit default recommendation — publishes Gusto Onboarding Guide),QuickBooks Online AND Xero; Ramp for expenses; virtual-only; fractional CFO,Not confirmed,CONFIRMED — explicit Gusto partner; publishes Gusto onboarding guides; actively recommends Gusto to ALL clients,Probable — uses Xero for client accounting,100% cloud 100% remote virtual firm from day one,Not confirmed,,Not confirmed,Not confirmed,Small — Serena Do 222 connections,Not confirmed,Moderate — content-heavy website,C,Track 2 - Revenue Share (VERY LOW PROBABILITY),"Serena — your Gusto Onboarding Guide is genuinely impressive. I'd love to have a candid conversation about how ADP's accountant revenue share program compares especially for your NYC S-Corp clients who may need more robust multi-state payroll compliance than Gusto offers at scale.",LinkedIn DM or cal.com booking,"MAJOR — Serena Do is a confirmed active Gusto advocate who publishes Gusto onboarding guides and actively recommends Gusto to ALL clients; Texas-registered virtual firm; founded 2022 means small volume; lowest conversion probability on this list",Deep Research Agent 1
